{"metrics/R_norm":0.0021911596413701773,"train/R_psd_loss":0,"val/prediction_table":{"log_mode":"IMMUTABLE","_type":"table-file","_latest_artifact_path":"wandb-client-artifact://0cjybyzk12h5tqf21v77agff4tdhzhayfos6gcoupco0p154rrd52rg0a59e9qdrbbwrbpgqh40sdjvurcpvetyeydu4ix6t3svu80gq83qx7xzo9a7gcyv4tmdycf85:latest/val/prediction_table.table.json","sha256":"d83492d58ae3812bc4de7a88cf17875befc5dea4a8292dee3b3860ca987106f2","ncols":14,"nrows":10,"size":2789,"path":"media/table/val/prediction_table_19_d83492d58ae3812bc4de.table.json","artifact_path":"wandb-client-artifact://fwkznc8i551glmkagna6jzjijga60s9av4a2i86x74na420z9l503rbz7coccw4pw36g66v8cmt4ywxhzvyficpamfrycaldh80bthcasarl4z80f2ueq2qh794l1mpi/val/prediction_table.table.json"},"train/total_loss":0.36704318153348836,"_runtime":49265,"perf/epoch_time_s":2216.540383432992,"charts/loss_curve":{"size":202232,"path":"media/images/charts/loss_curve_20_bf76471d3496f7038855.png","format":"png","width":1650,"height":1800,"_type":"image-file","sha256":"bf76471d3496f7038855d48ea14e8a2db8f05162a3d48f0ef05de9a0c04a1e5d"},"metrics/lr":0.0005,"best_val_pos_mse":6.094455067408358e-05,"val/pos_mse":0.00034471804261393136,"_timestamp":1.7822795451195061e+09,"val/rollout_loss":0.19983123063496985,"best_epoch":14,"val/vel_mse":0.001073887755550116,"_wandb":{"runtime":49265},"_step":20,"metrics/R_eigmin":0.0006588546675629914,"train/state_loss":0.0004451216306103626}