{"_runtime":44624,"sampler/n_selected":300,"val/rollout_loss":0.05804865956025603,"best_epoch":16,"val/pos_mse":5.798110265494305e-05,"best_val_pos_mse":2.1309505669021733e-05,"metrics/R_eigmin":0.0003976179868914187,"val/prediction_table":{"ncols":14,"_type":"table-file","sha256":"c59b4ba23876fc9b6fadb4a6d754b4c844dd8d18b77bf05b2507ca9e67d3f77a","_latest_artifact_path":"wandb-client-artifact://bilyyg5jsiyx1wd9juweywi2vmi9kr83osef4onno4nb85qgcbc2for4ym6ieb6s4ngx0aj51x54c5g02nd121ldipmi6apnr6krcokhb7ri0es4gy3zihywnbl5g0jt:latest/val/prediction_table.table.json","size":2797,"path":"media/table/val/prediction_table_20_c59b4ba23876fc9b6fad.table.json","nrows":10,"log_mode":"IMMUTABLE","artifact_path":"wandb-client-artifact://nxrvcvio10slm6zkhj7zggpn9aps8twj68wmfkgwktafae2rkyqefw3a1gbao1ayg7pej6y5789zo9q4jslahp539y5plqwbf55tt6fd89zx5k8t8aqoyjqd09od2m64/val/prediction_table.table.json"},"_wandb":{"runtime":44624},"train/R_psd_loss":0,"train/total_loss":0.08363721706093771,"charts/loss_curve":{"_type":"image-file","sha256":"c4a3a8cb3189830868782e9ad053264745fbdb9a1c77de035927734032a3905b","size":214086,"path":"media/images/charts/loss_curve_20_c4a3a8cb318983086878.png","format":"png","width":1650,"height":1800},"_timestamp":1.7826038308184464e+09,"metrics/R_norm":0.0018740770174190402,"train/state_loss":0.00010858789744371859,"perf/epoch_time_s":2104.5177207419183,"metrics/lr":0.0005,"_step":20,"val/vel_mse":0.0011358805080612599}