{"_timestamp":1.7825464597937706e+09,"_step":1,"_wandb":{"runtime":5725},"_runtime":5725.18916798,"sampler/n_selected":300}