{"test/R_psd_loss":0,"test/total_loss":0.01314114969528962,"window/5step_pos_mse":3.371830825926736e-05,"window/5step_vel_mse":0.002735456684604287,"test/rollout_loss":0.01314114969528962,"_step":1649,"test/pos_mse":3.002416470427374e-06,"_wandb":{"runtime":173},"test/5step_total_loss":0,"_runtime":173,"test/vel_mse":0.0004549487180751042,"_timestamp":1.78175241981449e+09,"window/rollout_loss":0.046931156645119196,"test/n_windows":1650,"test/n_loss_valid":1650,"test/predictions_table":{"ncols":11,"nrows":1650,"size":260867,"_latest_artifact_path":"wandb-client-artifact://2l91q4gfvv498vnnkyqu9hi8uh5ya5wsmf9avdhib9lgkqqkzy2xkexvk54xqyfyl4nfh9ajwozbouxeqzxcgogmwi0qp0ay0hmzbvcw1djkh61jupsuti4fei7snutd:latest/test/predictions_table.table.json","artifact_path":"wandb-client-artifact://gc9ks1iahuusdjpwm3ht412mtig3vgz4a0mchu34474m59y813xp92wneqq5zr1lou20lk3q6krzv948mc5piyyl7rvn5nk2cznzbukd78zoqgpdmgd89kz5z3jxe3jy/test/predictions_table.table.json","log_mode":"IMMUTABLE","sha256":"d9fb9d21e26c60b638788ca0c90e87fcadd87551b6acdcd7f66c0f3e9d0f20b3","path":"media/table/test/predictions_table_1649_d9fb9d21e26c60b63878.table.json","_type":"table-file"},"window/pos_mse":1.1552678741136334e-05,"test/5step_pos_mse":8.797551206395259e-06,"test/R_eigmin":0.0019415116403251886,"window/5step_total_loss":0,"window/total_loss":0.046931156645119196,"window/vel_mse":0.0016086842669034377,"test/5step_vel_mse":0.0007873337232387822,"test/R_norm":0.017558008432388306}