{"_wandb":{"runtime":161},"test/vel_mse":0.0008637630817885547,"test/predictions_table":{"nrows":1650,"log_mode":"IMMUTABLE","_type":"table-file","artifact_path":"wandb-client-artifact://5fv0ecgb7f7p65o3lzrq5dc4w5aymqj7ilh9lpm6mwj6gpy8tdjk203fsr7u1tk1r3cxix4htbo6j8s28hf5k4xv4t2e1h77xw443nehkkc1p3g4oa8k3t9kgjpjmioq/test/predictions_table.table.json","sha256":"256162d3bc4b3e36461b2c96be70b8edb460d5ee683358c97d3b7a9200936e3b","size":170061,"_latest_artifact_path":"wandb-client-artifact://8pn1meouonwxm0avlfa6g6wf8q70e89h70z51jdovegxm4l7dqwb1it7z8klv2a9cxm8pp1scr2htgvfe593i3s7omm2xk4mcpbxc1pickgj2nblld7hzkpp8yj6ysii:latest/test/predictions_table.table.json","ncols":6,"path":"media/table/test/predictions_table_1649_256162d3bc4b3e36461b.table.json"},"_step":1649,"test/rollout_loss":0.06532979580159813,"test/R_norm":0.3493017554283142,"_timestamp":1.7823422465097933e+09,"seq/rollout_loss":0.09498504482001066,"seq/pos_mse":9.568015030148673e-05,"test/pos_mse":8.64087657664028e-05,"test/R_eigmin":0.06253944337368011,"_runtime":161,"seq/vel_mse":0.001841776778912172,"test/total_loss":0.06532979580159813,"test/R_psd_loss":0,"test/n_sequences":1650,"seq/total_loss":0.09498504482001066}