{"test/vel_mse":0.0022709901825581987,"seq/vel_mse":0.003765987807326019,"seq/pos_mse":2.4306873727327916e-05,"test/R_psd_loss":0,"seq/total_loss":0.10854342935144903,"test/R_eigmin":0.1286732256412506,"seq/rollout_loss":0.10854342935144903,"test/n_sequences":1650,"_runtime":163,"_timestamp":1.7823357222578616e+09,"test/rollout_loss":0.06678197058604879,"test/pos_mse":1.727405221355753e-05,"test/total_loss":0.06678197058604879,"test/R_norm":0.5915217995643616,"_wandb":{"runtime":163},"test/predictions_table":{"nrows":1650,"_type":"table-file","size":170823,"log_mode":"IMMUTABLE","_latest_artifact_path":"wandb-client-artifact://fpipqc61b7pn201nmvmg2iao8ztfg0xlsuztfvxzucgqxdvzvnw0gfid0j2vzje9iedgma8xbfm4kbwx4h5lx3uprq4buxma0llywt1hslz1sywvl3wj41j12o0lwp40:latest/test/predictions_table.table.json","sha256":"ebb36557e12eb5b8bc256f780d81b3ee0506b8673ebc4a0cc8cc9dd93cba3f28","ncols":6,"artifact_path":"wandb-client-artifact://plg7kwp77lfj0fwjcpiabjbcmvmupyzzfr3zxgqtw5opokyq1vmn4sxd6cql5jv6ow743jx68hyidaof1dcyluv14zep04ty4vgqdqr9itb0dqqxs7u9s7qp8atimnpv/test/predictions_table.table.json","path":"media/table/test/predictions_table_1649_ebb36557e12eb5b8bc25.table.json"},"_step":1649}