{"best_val_pos_mse":3.9147055196473534e-05,"train/state_loss":0.000274414637010982,"val/prediction_table":{"log_mode":"IMMUTABLE","_type":"table-file","_latest_artifact_path":"wandb-client-artifact://ljgworq3arh5p65xmp6rku1e9nyfv77c9szz60sn6jcgn22g220voglk0ssv64xh21iq0eg8d3xv4xwepyk1va5jr2orysm5d515i8e3y1aohipjfw1sb9ehtganqr5z:latest/val/prediction_table.table.json","size":2799,"path":"media/table/val/prediction_table_19_02e66008e07a83c2baec.table.json","nrows":10,"artifact_path":"wandb-client-artifact://mkwvch3ml3jl44dpfi0aa6jzlwg7kcxez2lqgprlrs3dggn6losxnzjnu1tysphlawwd27kul3lo6cubro0bmim1gmod5fhysi5lrzmkqf9ud0r7i8dfn2f68g3z3isx/val/prediction_table.table.json","ncols":14,"sha256":"02e66008e07a83c2baec796ecbd4bf3bd7e466fbadf40a4899440e19e1a74669"},"_wandb":{"runtime":49053},"metrics/R_eigmin":0.0008359675412066281,"metrics/R_norm":0.0025630227755755186,"val/pos_mse":0.0002192970805844552,"_timestamp":1.780819323074627e+09,"best_epoch":9,"_runtime":49053,"charts/loss_curve":{"sha256":"58110a7025c3650b1c20336b02e0cd937c0d4f0f1c543aac052f5b1a284d63b4","size":191584,"path":"media/images/charts/loss_curve_20_58110a7025c3650b1c20.png","format":"png","width":1650,"height":1800,"_type":"image-file"},"train/total_loss":0.23405946844858305,"_step":20,"val/vel_mse":0.005270732882872397,"perf/epoch_time_s":2224.4674514248036,"val/rollout_loss":0.2444844869203257,"train/R_psd_loss":0,"metrics/lr":0.0005}