{"epoch_sweep/n_windows":1650,"best_pos_mse":1.727405691690174e-05,"epoch_sweep/R_norm":0.0021911596413701773,"_step":20,"best_epoch/vel_mse":2,"epoch_sweep/vel_mse":1.6931399737262107e+07,"best_total_loss":0,"epoch_sweep/pos_mse":6.070187184418443e+06,"epoch_sweep/R_psd_loss":0,"best_epoch/pos_mse":1,"epoch_sweep/R_eigmin":0.0006588546675629914,"epoch":20,"_wandb":{"runtime":2900},"_timestamp":1.7823329941115553e+09,"epoch_sweep/summary_table":{"artifact_path":"wandb-client-artifact://mv629tmxfovshlpt2kb283mj2aags3d01zbfxvzilmk3d2x81t71yr9dn2twsl9zlc0ph10cv02i2xr6mf6zpjsyob20of03tevtl101wuz893k7dpdyt05so5dh2gjy/epoch_sweep/summary_table.table.json","nrows":20,"_latest_artifact_path":"wandb-client-artifact://803lx0ipujcel28a98t9breaov7abbt93y9emc0nxbtyxxm0hc0n03zep9w4z1y5odig6on5abnjbrccjw1fvf7gs7h69ld74t94ym81wb04hlsmru8rur8fbz6t6few:latest/epoch_sweep/summary_table.table.json","size":2283,"log_mode":"IMMUTABLE","ncols":8,"path":"media/table/epoch_sweep/summary_table_20_b31676a1ae46a33807aa.table.json","_type":"table-file","sha256":"b31676a1ae46a33807aa69c5776e0227b529bce219e8a3decebc92bf63083d63"},"best_epoch/total_loss":17,"best_vel_mse":0.0008637630044371254,"_runtime":2900,"epoch_sweep/total_loss":0}