{"_wandb":{"runtime":5728},"_runtime":5728.201033277,"_step":1,"sampler/n_selected":300,"_timestamp":1.782546777149545e+09}