{"best_val_pos_mse":3.4509128450925567e-05,"charts/loss_curve":{"path":"media/images/charts/loss_curve_20_60966cdf596e74150547.png","format":"png","width":1650,"height":1800,"_type":"image-file","sha256":"60966cdf596e74150547d261e00f8d11cfbc393fa8beea137e2fd6360c07e1bf","size":174432},"_runtime":49387,"metrics/R_norm":0.002102040220052004,"perf/epoch_time_s":2240.9205613030354,"train/state_loss":0.0006901423832760289,"_timestamp":1.7819051230514762e+09,"metrics/R_eigmin":0.0005735937738791108,"val/pos_mse":0.00017389089990933708,"train/R_psd_loss":0,"_wandb":{"runtime":49387},"val/vel_mse":0.0025535245001630817,"best_epoch":13,"train/total_loss":0.5430030621034081,"metrics/lr":0.0005,"_step":20,"val/rollout_loss":0.15226974362906331,"val/prediction_table":{"ncols":14,"artifact_path":"wandb-client-artifact://576g74wr0jygwo19xxi9y4e93z2xcj8ss0r23tifxha7cjz41k60z602m2017gli5bkb0qq6xt92tovx4clize0bqn134ybi60pz1rhf7bxkbutw9ujjmf9jnq2scc8p/val/prediction_table.table.json","path":"media/table/val/prediction_table_19_014835a0ccd2414c82e2.table.json","_type":"table-file","nrows":10,"log_mode":"IMMUTABLE","sha256":"014835a0ccd2414c82e2ca364592830aa0889ddbc7b6150df5598b4809337961","_latest_artifact_path":"wandb-client-artifact://qy683gymuva436e8au7idkll0j7l9yc8aedxmow4y8r6q6vf6zbhzu3ce5nqyrfjiom9coy4w2k10ivowraoofycuw71ebjw2sb0cor12ihn4l6biwuncmd1fpp6ct76:latest/val/prediction_table.table.json","size":2797}}