{"best_epoch/pos_mse":1,"epoch_sweep/vel_mse":1.6932849932033524e+07,"_step":20,"epoch_sweep/summary_table":{"log_mode":"IMMUTABLE","_type":"table-file","_latest_artifact_path":"wandb-client-artifact://ffkmfcju6p89ra39zufwsx0zfj0qve1wq7lf0jxa8k6odhi50g86tlvf1basvqkjidmmsc66nusct3fwd2xsxm52khfb2mlz6tc6pyz0aqliqagm6ga5dtu7fnvasjeb:latest/epoch_sweep/summary_table.table.json","nrows":21,"ncols":8,"size":2392,"path":"media/table/epoch_sweep/summary_table_20_851e6a0561690b15a5de.table.json","artifact_path":"wandb-client-artifact://98p97lka74i5ko7rvno45ie84h866dnrhzpgta9uwx938nx1rgpjz1hiquvt4spp0s0rtsjrljcg1sgvhngasoldlplv6hwk009o1o2w11fczmc51c1ewvfwnmdxts1l/epoch_sweep/summary_table.table.json","sha256":"851e6a0561690b15a5deec696d2d044cde642a78b8ed9246162cb9d1655f170c"},"epoch_sweep/R_eigmin":0.0006588546675629914,"best_vel_mse":0.0008637630082303672,"untrained_baseline/vel_mse":0.018829443450903822,"best_total_loss":0,"best_epoch/total_loss":17,"_wandb":{"runtime":3037},"_timestamp":1.7823394398517816e+09,"untrained_baseline/pos_mse":0.0005397678119427446,"epoch":20,"improvement/vel_mse":0.017965680442673455,"epoch_sweep/R_norm":0.0021911596413701773,"epoch_sweep/n_windows":1650,"epoch_sweep/R_psd_loss":0,"best_pos_mse":1.727405251617446e-05,"improvement/pos_mse":0.0005224937594265702,"epoch_sweep/total_loss":0,"epoch_sweep/pos_mse":6.070292378523391e+06,"best_epoch/vel_mse":2,"_runtime":3037,"improvement/total_loss":0.7516753357333015,"untrained_baseline/total_loss":0.7516753357333015}