{"_wandb":{"runtime":5965},"_runtime":5965.64652076,"_step":1,"sampler/n_selected":300,"_timestamp":1.782531058232057e+09}